{"data": [{"age": "17", "job": "blue-collar", "marital": "married", "education": "university.degree", "default": "no", "housing": "yes", "loan": "yes", "contact": "cellular", "month": "may", "day_of_week": "mon", "duration": "971", "campaign": "1", "pdays": "999", "previous": "1", "poutcome": "failure", "emp.var.rate": "-1.8", "cons.price.idx": "92.893", "cons.conf.idx": "-46.2", "euribor3m": "1.299", "nr.employed": "5099.1"}, {"age": "87", "job": "blue-collar", "marital": "married", "education": "university.degree", "default": "no", "housing": "yes", "loan": "yes", "contact": "cellular", "month": "may", "day_of_week": "mon", "duration": "471", "campaign": "1", "pdays": "999", "previous": "1", "poutcome": "failure", "emp.var.rate": "-1.8", "cons.price.idx": "92.893", "cons.conf.idx": "-46.2", "euribor3m": "1.299", "nr.employed": "5099.1"}]}